[{"id":3053121853,"isFolder":true,"title":"NGS_data_analysis","status":2,"order":null,"dateCreated":null,"dateUpdated":null,"folderId":null},{"id":272438951,"isFolder":true,"title":"Fundamentals","status":2,"order":null,"dateCreated":null,"dateUpdated":null,"folderId":null},{"id":14890845,"isFolder":true,"title":"Pipelines","status":2,"order":null,"dateCreated":null,"dateUpdated":null,"folderId":null},{"id":188772326,"title":"Blog Template","order":1,"templateKey":"blog","customTemplate":false,"customTemplateFilename":null,"pageLinks":[],"dateCreated":"2023-09-22T17:14:47.074Z","dateUpdated":"2023-09-22T17:14:48.277Z","folderId":null,"pageName":"Blog Template","serverPageId":null,"status":2,"backwardUrl":null},{"id":47129100,"title":"Post Template","order":2,"templateKey":"post","customTemplate":false,"customTemplateFilename":null,"pageLinks":[],"dateCreated":"2023-09-22T17:14:47.289Z","dateUpdated":"2023-09-22T17:14:48.321Z","folderId":null,"pageName":"Post Template","serverPageId":null,"status":2,"backwardUrl":null},{"id":2679129504,"title":"Product List Template","order":3,"templateKey":"products","customTemplate":false,"customTemplateFilename":null,"pageLinks":[],"dateCreated":"2023-09-22T17:14:47.390Z","dateUpdated":"2023-09-22T17:14:48.369Z","folderId":null,"pageName":"Product List Template","serverPageId":null,"status":2,"backwardUrl":null},{"id":47517472,"title":"Product Details Template","order":4,"templateKey":"product","customTemplate":false,"customTemplateFilename":null,"pageLinks":[],"dateCreated":"2023-09-22T17:14:47.508Z","dateUpdated":"2023-09-22T17:14:48.423Z","folderId":null,"pageName":"Product Details Template","serverPageId":null,"status":2,"backwardUrl":null},{"id":21927607,"title":"Shopping Cart Template","order":5,"templateKey":"cart","customTemplate":false,"customTemplateFilename":null,"pageLinks":[],"dateCreated":"2023-09-22T17:14:47.630Z","dateUpdated":"2023-09-22T17:14:48.444Z","folderId":null,"pageName":"Shopping Cart Template","serverPageId":null,"status":2,"backwardUrl":null},{"id":99023570,"title":"Checkout Template","order":6,"templateKey":"checkout","customTemplate":false,"customTemplateFilename":null,"pageLinks":[],"dateCreated":"2023-09-22T17:14:47.783Z","dateUpdated":"2023-09-22T17:14:48.458Z","folderId":null,"pageName":"Checkout Template","serverPageId":null,"status":2,"backwardUrl":null},{"id":258219094,"title":"Login Template","order":7,"templateKey":"login","customTemplate":false,"customTemplateFilename":null,"pageLinks":[],"dateCreated":"2023-09-22T17:14:47.870Z","dateUpdated":"2023-09-22T17:14:48.471Z","folderId":null,"pageName":"Login Template","serverPageId":null,"status":2,"backwardUrl":null},{"id":57366797,"title":"Page Password Template","order":8,"templateKey":"password","customTemplate":false,"customTemplateFilename":null,"pageLinks":[],"dateCreated":"2023-09-22T17:14:47.927Z","dateUpdated":"2023-09-22T17:14:48.484Z","folderId":null,"pageName":"Page Password Template","serverPageId":null,"status":2,"backwardUrl":null},{"id":22514826,"title":"404 Not Found Template","order":9,"templateKey":"404","customTemplate":false,"customTemplateFilename":null,"pageLinks":[],"dateCreated":"2023-09-22T17:14:47.979Z","dateUpdated":"2023-09-22T17:14:48.498Z","folderId":null,"pageName":"404 Not Found Template","serverPageId":null,"status":2,"backwardUrl":null},{"id":779604629,"title":"Thank You Page Template","order":10,"templateKey":"ThankYou","customTemplate":false,"customTemplateFilename":null,"pageLinks":[],"dateCreated":"2023-09-22T17:14:48.021Z","dateUpdated":"2023-09-22T17:14:48.512Z","folderId":null,"pageName":"Thank You Page Template","serverPageId":null,"status":2,"backwardUrl":null},{"id":798224514,"title":"Home","order":101,"templateKey":null,"customTemplate":false,"customTemplateFilename":null,"pageLinks":[],"dateCreated":"2023-09-22T17:14:48.083Z","dateUpdated":"2023-09-24T19:49:40.756Z","folderId":null,"pageName":"Home_798224514","serverPageId":null,"status":2,"backwardUrl":null},{"id":85148175,"title":"Fundamentals","order":102,"templateKey":null,"customTemplate":false,"customTemplateFilename":null,"pageLinks":[],"dateCreated":"2023-09-22T17:14:48.083Z","dateUpdated":"2023-09-25T14:21:48.186Z","folderId":272438951,"pageName":"Fundamentals_85148175","serverPageId":null,"status":2,"backwardUrl":null},{"id":767101779,"title":"NGS Data Analysis","order":102.5,"templateKey":null,"customTemplate":false,"customTemplateFilename":null,"pageLinks":[],"dateCreated":"2023-09-22T17:14:48.083Z","dateUpdated":"2023-09-25T14:26:52.248Z","folderId":3053121853,"pageName":"NGS Data Analysis_767101779","serverPageId":null,"status":2,"backwardUrl":null},{"id":619401259,"title":"UCL Cluster","order":103,"templateKey":null,"customTemplate":false,"customTemplateFilename":null,"pageLinks":[],"dateCreated":"2023-09-22T17:14:48.083Z","dateUpdated":"2023-09-22T19:58:29.899Z","folderId":272438951,"pageName":"UCL Cluster_619401259","serverPageId":null,"status":2,"backwardUrl":null},{"id":142508205,"title":"The Unix Shell","order":104,"templateKey":null,"customTemplate":false,"customTemplateFilename":null,"pageLinks":[],"dateCreated":"2023-09-22T17:14:48.083Z","dateUpdated":"2023-09-24T12:17:04.754Z","folderId":272438951,"pageName":"The Unix Shell_142508205","serverPageId":null,"status":2,"backwardUrl":null},{"id":469517712,"title":"nf-core","order":104.5,"templateKey":null,"customTemplate":false,"customTemplateFilename":null,"pageLinks":[],"dateCreated":"2023-09-22T17:14:48.083Z","dateUpdated":"2023-09-24T19:28:56.125Z","folderId":14890845,"pageName":"nf-core_469517712","serverPageId":null,"status":2,"backwardUrl":null},{"id":314425117,"title":"Basic R","order":105,"templateKey":null,"customTemplate":false,"customTemplateFilename":null,"pageLinks":[],"dateCreated":"2023-09-22T17:14:48.083Z","dateUpdated":"2023-09-25T13:26:19.043Z","folderId":272438951,"pageName":"Basic R_314425117","serverPageId":null,"status":2,"backwardUrl":null},{"id":650223269,"title":"Bash Scripting","order":106,"templateKey":null,"customTemplate":false,"customTemplateFilename":null,"pageLinks":[],"dateCreated":"2023-09-22T17:14:48.083Z","dateUpdated":"2023-09-22T20:00:33.697Z","folderId":272438951,"pageName":"Bash Scripting_650223269","serverPageId":null,"status":2,"backwardUrl":null},{"id":23725942,"title":"Advanced R","order":107,"templateKey":null,"customTemplate":false,"customTemplateFilename":null,"pageLinks":[],"dateCreated":"2023-09-22T19:52:25.391Z","dateUpdated":"2023-09-22T20:09:09.958Z","folderId":272438951,"pageName":"Advanced R_23725942","serverPageId":null,"status":2,"backwardUrl":null},{"id":2864800619,"title":"Nextflow","order":108,"templateKey":null,"customTemplate":false,"customTemplateFilename":null,"pageLinks":[],"dateCreated":"2023-09-22T20:30:45.482Z","dateUpdated":"2023-09-23T18:49:43.352Z","folderId":14890845,"pageName":"Nextflow_2864800619","serverPageId":null,"status":2,"backwardUrl":null},{"id":559705897,"title":"Using nf-core in Myriad","order":108.5,"templateKey":null,"customTemplate":false,"customTemplateFilename":null,"pageLinks":["2864800619"],"dateCreated":"2023-09-22T20:30:45.482Z","dateUpdated":"2023-10-02T20:28:52.288Z","folderId":14890845,"pageName":"Using nf-core in Myriad_559705897","serverPageId":null,"status":2,"backwardUrl":null},{"id":521728539,"title":"Pipelines","order":109,"templateKey":null,"customTemplate":false,"customTemplateFilename":null,"pageLinks":["650223269"],"dateCreated":"2023-09-23T10:35:20.587Z","dateUpdated":"2023-09-25T13:32:02.956Z","folderId":14890845,"pageName":"Pipelines_521728539","serverPageId":null,"status":2,"backwardUrl":null},{"id":2254705191,"title":"Preprocessing","order":110,"templateKey":null,"customTemplate":false,"customTemplateFilename":null,"pageLinks":[],"dateCreated":"2023-09-24T12:14:59.692Z","dateUpdated":"2023-09-25T14:15:34.802Z","folderId":3053121853,"pageName":"Preprocessing_2254705191","serverPageId":null,"status":2,"backwardUrl":null},{"id":20054453,"title":"Gene Expression","order":111,"templateKey":null,"customTemplate":false,"customTemplateFilename":null,"pageLinks":[],"dateCreated":"2023-09-24T17:33:03.522Z","dateUpdated":"2023-09-27T10:25:26.390Z","folderId":3053121853,"pageName":"Gene Expression_20054453","serverPageId":null,"status":2,"backwardUrl":null},{"id":632125330,"title":"Variant Calling","order":112,"templateKey":null,"customTemplate":false,"customTemplateFilename":null,"pageLinks":[],"dateCreated":"2023-09-24T17:36:10.009Z","dateUpdated":"2023-09-24T17:51:13.817Z","folderId":3053121853,"pageName":"Variant Calling_632125330","serverPageId":null,"status":2,"backwardUrl":null},{"id":2615320925,"title":"ChIP-Seq","order":113,"templateKey":null,"customTemplate":false,"customTemplateFilename":null,"pageLinks":[],"dateCreated":"2023-09-24T17:51:23.804Z","dateUpdated":"2023-09-24T19:39:13.416Z","folderId":3053121853,"pageName":"ChIP-Seq_2615320925","serverPageId":null,"status":2,"backwardUrl":null},{"id":417106829,"title":"Single Cell Gene Expression","order":114,"templateKey":null,"customTemplate":false,"customTemplateFilename":null,"pageLinks":[],"dateCreated":"2023-09-24T19:01:28.868Z","dateUpdated":"2023-09-24T19:06:01.460Z","folderId":3053121853,"pageName":"Single Cell Gene Expression_417106829","serverPageId":null,"status":2,"backwardUrl":null}]